﻿{
  "Actions": [
    {
      "Name": "Add table level description",
      "Enabled": "true",
      "Execute": "//Name: Add table level description\r\n//Tooltip: Add table level description\r\n//Enable: Table\r\n//Created by Mihaly Kavasi\r\n//Tabular Editor version 2.18.0\r\n//This could be used to hide all the numeric columns from fact tables to encourage to use of explicit measures instead.\r\n\r\n#r \"Microsoft.VisualBasic\"\r\nusing Microsoft.VisualBasic; \r\n\r\n// Get the selected tables \r\nvar tables = Selected.Tables;\r\n\r\n// Prompt the user for the description input \r\n\r\nString input =\r\n    Interaction.InputBox(\r\n        Prompt: \"Enter the description for selected tables:\",\r\n        Title: \"Description:\",\r\n        DefaultResponse: \"Part of ... model\"\r\n    );\r\n// Loop through each table \r\nforeach(var t in tables) \r\n{ \r\n    if(t.Description == \"\") \r\n        { t.Description = input; }\r\n    else \r\n    { t.Description = input + \"\\n\" + t.Description; }\r\n}\r\n",
      "Tooltip": "Add table level description",
      "ValidContexts": "Table"
    },
    {
      "Name": "Add VPAX Information",
      "Enabled": "true",
      "Execute": "#r \"System.IO\"\r\n#r \"System.IO.Compression.FileSystem\"\r\n\r\nusing System.IO;\r\nusing System.IO.Compression;\r\n\r\nstring vpaxFile = @\"C:\\Desktop\\ModelVertipaq.vpax\"; // Enter .vpax file path\r\n\r\nstring fileExt = Path.GetExtension(vpaxFile);\r\n\r\nif (fileExt != \".vpax\")\r\n{\r\n    Error(\"Must use a valid .vpax file\");\r\n}\r\n\r\nstring fileName = Path.GetFileNameWithoutExtension(vpaxFile);\r\nstring folderName = Path.GetDirectoryName(vpaxFile) + @\"\\\";\r\nstring zipPath = folderName + fileName + \".zip\";\r\nstring unzipPath = folderName + fileName;\r\n\r\ntry\r\n{\r\n    // Make a copy of a vpax and turn it into a zip file\r\n    File.Copy(vpaxFile, zipPath);\r\n    // Unzip file\r\n    System.IO.Compression.ZipFile.ExtractToDirectory(zipPath, unzipPath);\r\n    // Delete zip file\r\n    File.Delete(zipPath);\r\n}\r\n\r\ncatch\r\n{\r\n    Error(\"File does not exist. Must use a valid .vpax file\");\r\n}\r\n\r\n// Remove Existing Vertipaq Annotations\r\nModel.RemoveAnnotation(\"Vertipaq_ModelSize\");\r\n\r\nforeach (var o in Model.AllHierarchies)\r\n{\r\n    o.RemoveAnnotation(\"Vertipaq_UserHierarchySize\");\r\n    o.RemoveAnnotation(\"Vertipaq_TableSizePctOfModel\");\r\n}\r\n\r\nforeach (var o in Model.AllColumns)\r\n{\r\n    o.RemoveAnnotation(\"Vertipaq_ColumnHierarchySize\");\r\n    o.RemoveAnnotation(\"Vertipaq_DataSize\");\r\n    o.RemoveAnnotation(\"Vertipaq_DictionarySize\");\r\n    o.RemoveAnnotation(\"Vertipaq_Cardinality\");\r\n    o.RemoveAnnotation(\"Vertipaq_ColumnSize\");\r\n    o.RemoveAnnotation(\"Vertipaq_ColumnSizePctOfTable\");\r\n    o.RemoveAnnotation(\"Vertipaq_ColumnSizePctOfModel\");\r\n}\r\n\r\nforeach (var o in Model.Relationships.ToList())\r\n{        \r\n    o.RemoveAnnotation(\"Vertipaq_RelationshipSize\"); \r\n    o.RemoveAnnotation(\"Vertipaq_MaxFromCardinality\");\r\n    o.RemoveAnnotation(\"Vertipaq_MaxToCardinality\");\r\n    o.RemoveAnnotation(\"Vertipaq_RIViolationInvalidRows\");\r\n}\r\n\r\nforeach (var o in Model.Tables.ToList())\r\n{     \r\n    o.RemoveAnnotation(\"Vertipaq_RowCount\");\r\n    o.RemoveAnnotation(\"Vertipaq_TableSize\");\r\n}\r\n\r\nforeach (var o in Model.AllPartitions)\r\n{       \r\n    o.RemoveAnnotation(\"Vertipaq_RecordCount\");\r\n    o.RemoveAnnotation(\"Vertipaq_RecordsPerSegment\");\r\n    o.RemoveAnnotation(\"Vertipaq_SegmentCount\");\r\n}\r\n\r\n// Deseralize json file\r\nstring jsonFilePath = folderName + fileName + @\"\\\" + \"DaxVpaView.json\";\r\nvar unformattedJson = File.ReadAllText(jsonFilePath,System.Text.UnicodeEncoding.Unicode);\r\nvar formattedJson = Newtonsoft.Json.Linq.JToken.Parse(unformattedJson).ToString();\r\n\r\ndynamic json = Newtonsoft.Json.Linq.JObject.Parse(formattedJson);\r\n\r\n// Delete previously created folder\r\ntry\r\n{\r\n    Directory.Delete(folderName + fileName,true);\r\n}\r\ncatch\r\n{\r\n}\r\n\r\nint tableCount = (int)json[\"Tables\"].Count;\r\nint columnCount = (int)json[\"Columns\"].Count;\r\nint relationshipCount = (int)json[\"Relationships\"].Count;\r\nint hierarchiesCount = (int)json[\"UserHierarchies\"].Count;\r\nint columnSegmentCount = (int)json[\"ColumnsSegments\"].Count;\r\n\r\n// Add table annotations\r\nfor (int i=0; i<tableCount; i++)\r\n{\r\n    string tableName = (string)json[\"Tables\"][i][\"TableName\"];\r\n    string rowCount = (string)json[\"Tables\"][i][\"RowsCount\"];\r\n    string tableSize = (string)json[\"Tables\"][i][\"TableSize\"];\r\n    \r\n    if (Model.Tables.Where(a => a.Name == tableName).Count() == 1)\r\n    {\r\n        var obj = Model.Tables[tableName];\r\n        \r\n        obj.SetAnnotation(\"Vertipaq_RowCount\",rowCount);\r\n        obj.SetAnnotation(\"Vertipaq_TableSize\",tableSize);\r\n    }\r\n}\r\n\r\n// Add column annotations\r\nfor (int i=0; i<columnCount; i++)\r\n{\r\n    string columnName = (string)json[\"Columns\"][i][\"ColumnName\"];\r\n    string tableName = (string)json[\"Columns\"][i][\"TableName\"];\r\n    string columnCardinality = (string)json[\"Columns\"][i][\"ColumnCardinality\"];\r\n    string dictionarySize = (string)json[\"Columns\"][i][\"DictionarySize\"];\r\n    string dataSize = (string)json[\"Columns\"][i][\"DataSize\"];\r\n    string hierarchiesSize = (string)json[\"Columns\"][i][\"HierarchiesSize\"];\r\n    string totalSize = (string)json[\"Columns\"][i][\"TotalSize\"];\r\n    \r\n    if (Model.Tables.Where(a => a.Name == tableName && a.Columns.Any(b => b.Name == columnName)).Count() == 1)\r\n    \r\n    {\r\n        var obj = Model.Tables[tableName].Columns[columnName];\r\n    \r\n        obj.SetAnnotation(\"Vertipaq_Cardinality\",columnCardinality);\r\n        obj.SetAnnotation(\"Vertipaq_ColumnHierarchySize\",hierarchiesSize);\r\n        obj.SetAnnotation(\"Vertipaq_ColumnSize\",totalSize);\r\n        obj.SetAnnotation(\"Vertipaq_DataSize\",dataSize);\r\n        obj.SetAnnotation(\"Vertipaq_DictionarySize\",dictionarySize);\r\n    }      \r\n}\r\n\r\n// Add relationship annotations\r\nfor (int i=0; i<relationshipCount; i++)\r\n{\r\n    string relationshipName = (string)json[\"Relationships\"][i][\"RelationshipName\"];\r\n    string fromCardinality = (string)json[\"Relationships\"][i][\"FromCardinality\"];\r\n    string toCardinality = (string)json[\"Relationships\"][i][\"ToCardinality\"];\r\n    string usedSize = (string)json[\"Relationships\"][i][\"UsedSize\"];\r\n    string invalidRows = (string)json[\"Relationships\"][i][\"InvalidRows\"];\r\n    \r\n    if (Model.Relationships.Where(a => a.ID == relationshipName).Count() == 1)\r\n    {\r\n        var obj = Model.Relationships[relationshipName];\r\n    \r\n        obj.SetAnnotation(\"Vertipaq_MaxFromCardinality\",fromCardinality);\r\n        obj.SetAnnotation(\"Vertipaq_MaxToCardinality\",toCardinality);\r\n        obj.SetAnnotation(\"Vertipaq_RelationshipSize\",usedSize);\r\n        obj.SetAnnotation(\"Vertipaq_RIViolationInvalidRows\",invalidRows);\r\n    }\r\n}\r\n\r\n// Add hierarchies annotations\r\nfor (int i=0; i<hierarchiesCount; i++)\r\n{\r\n    string hierarchyName = (string)json[\"UserHierarchies\"][i][\"UserHierarchyName\"];\r\n    string tableName = (string)json[\"UserHierarchies\"][i][\"TableName\"];\r\n    string usedSize = (string)json[\"UserHierarchies\"][i][\"UsedSize\"];\r\n    \r\n    if (Model.AllHierarchies.Where(a => a.Name == hierarchyName && a.Table.Name == tableName).Count() == 1)\r\n    {\r\n        var obj = Model.Tables[tableName].Hierarchies[hierarchyName];\r\n    \r\n        obj.SetAnnotation(\"Vertipaq_UserHierarchySize\",usedSize);\r\n    }\r\n}\r\n\r\n// Add partition annotations\r\nfor (int i=0; i<columnSegmentCount; i++)\r\n{\r\n    string tableName = (string)json[\"ColumnsSegments\"][i][\"TableName\"];\r\n    string partitionName = (string)json[\"ColumnsSegments\"][i][\"PartitionName\"];\r\n    string columnName = (string)json[\"ColumnsSegments\"][i][\"ColumnName\"];\r\n    string segmentNumber = (string)json[\"ColumnsSegments\"][i][\"SegmentNumber\"];\r\n    string tablePartitionNumber = (string)json[\"ColumnsSegments\"][i][\"TablePartitionNumber\"];\r\n    string segmentRows = (string)json[\"ColumnsSegments\"][i][\"SegmentRows\"];\r\n    int segmentNumberInt = Convert.ToInt32(segmentNumber);\r\n    int tablePartitionNumberInt = Convert.ToInt32(tablePartitionNumber);\r\n    long segmentRowsInt = Convert.ToInt64(segmentRows);\r\n    \r\n    var obj = Model.Tables[tableName].Partitions[partitionName];\r\n    \r\n    int s = 0;\r\n    foreach (var t in Model.Tables.Where(a => a.Name == tableName).ToList())\r\n    {\r\n        foreach (var p in t.Partitions.Where(b => b.MetadataIndex < tablePartitionNumberInt))\r\n        {\r\n            s = s + Convert.ToInt32(p.GetAnnotation(\"Vertipaq_SegmentCount\"));\r\n        }\r\n    }\r\n    \r\n    obj.SetAnnotation(\"Vertipaq_SegmentCount\",(segmentNumberInt - s + 1).ToString());\r\n    \r\n    if (columnName.StartsWith(\"RowNumber-\"))\r\n    {            \r\n        long rc = Convert.ToInt64(obj.GetAnnotation(\"Vertipaq_RecordCount\"));\r\n        obj.SetAnnotation(\"Vertipaq_RecordCount\",(segmentRowsInt + rc).ToString());\r\n    }\r\n}\r\n\r\n// Add Records per Segment\r\nlong maxRPS = 8388608;\r\nforeach (var t in Model.Tables.ToList())\r\n{\r\n    foreach (var p in t.Partitions.ToList())\r\n    {\r\n        long rc = Convert.ToInt64(p.GetAnnotation(\"Vertipaq_RecordCount\"));\r\n        long sc = Convert.ToInt64(p.GetAnnotation(\"Vertipaq_SegmentCount\"));\r\n        string rps = \"Vertipaq_RecordsPerSegment\";\r\n        \r\n        if (sc > 1)\r\n        {\r\n            p.SetAnnotation(rps,maxRPS.ToString());            \r\n        }\r\n        else if (sc == null || sc == 0)\r\n        {\r\n            p.SetAnnotation(rps,\"0\");\r\n        }\r\n        else\r\n        {\r\n            p.SetAnnotation(rps,(rc / sc).ToString());\r\n        }\r\n    }\r\n}\r\n\r\n// Add model size annotation\r\nstring ms = Model.Tables.Sum(a => Convert.ToInt64(a.GetAnnotation(\"Vertipaq_TableSize\"))).ToString();\r\nModel.SetAnnotation(\"Vertipaq_ModelSize\",ms);\r\n\r\n// Percent of Table and Model\r\nfloat modelSize = Convert.ToInt64(Model.GetAnnotation(\"Vertipaq_ModelSize\"));\r\n\r\nforeach (var t in Model.Tables.ToList())\r\n{\r\n    string tableName = t.Name;\r\n    var obj = Model.Tables[tableName];\r\n    \r\n    float tableSize = Convert.ToInt64(obj.GetAnnotation(\"Vertipaq_TableSize\"));\r\n    double tblpct = Math.Round(tableSize / modelSize,3);\r\n        \r\n    obj.SetAnnotation(\"Vertipaq_TableSizePctOfModel\",tblpct.ToString());\r\n    \r\n    foreach (var c in t.Columns.ToList())\r\n    {\r\n        string colName = c.Name;\r\n        var col = Model.Tables[tableName].Columns[colName];\r\n        \r\n        float colSize = Convert.ToInt64(col.GetAnnotation(\"Vertipaq_ColumnSize\"));\r\n        double colpctTbl = Math.Round(colSize / tableSize,3);\r\n        double colpctModel = Math.Round(colSize / modelSize,3);\r\n        \r\n        col.SetAnnotation(\"Vertipaq_ColumnSizePctOfTable\",colpctTbl.ToString());\r\n        col.SetAnnotation(\"Vertipaq_ColumnSizePctOfModel\",colpctModel.ToString());\r\n    }\r\n}",
      "Tooltip": "Add VPAX Information",
      "ValidContexts": "Model"
    },
    {
      "Name": "CamelCase to Proper Case",
      "Enabled": "true",
      "Execute": "//Name: CamelCase to Proper Case\r\n//Tooltip: Create properly formatted names. If used with PBIX than it only works with measures\r\n//Enable: Table, Column, Measure, Hierarchy, Hierarchy Level, Perspective\r\n\r\nforeach(var obj in Selected.OfType<ITabularNamedObject>()) {\r\n    var oldName = obj.Name;\r\n    var newName = new System.Text.StringBuilder();\r\n    for(int i = 0; i < oldName.Length; i++) {\r\n        // First letter should always be capitalized:\r\n        if(i == 0) newName.Append(Char.ToUpper(oldName[i]));\r\n\r\n        // A sequence of two uppercase letters followed by a lowercase letter should have a space inserted\r\n        // after the first letter:\r\n        else if(i + 2 < oldName.Length && char.IsLower(oldName[i + 2]) && char.IsUpper(oldName[i + 1]) && char.IsUpper(oldName[i]))\r\n        {\r\n            newName.Append(oldName[i]);\r\n            newName.Append(\" \");\r\n        }\r\n\r\n        // All other sequences of a lowercase letter followed by an uppercase letter, should have a space\r\n        // inserted after the first letter:\r\n        else if(i + 1 < oldName.Length && char.IsLower(oldName[i]) && char.IsUpper(oldName[i+1]))\r\n        {\r\n            newName.Append(oldName[i]);\r\n            newName.Append(\" \");\r\n        }\r\n        else\r\n        {\r\n            newName.Append(oldName[i]);\r\n        }\r\n    }\r\n    obj.Name = newName.ToString();\r\n}",
      "Tooltip": "Create properly formatted names. If used with PBIX than it only works with measures",
      "ValidContexts": "Table, TableObject, Level, Perspective"
    },
    {
      "Name": "Create %",
      "Enabled": "Selected.Measures.Count == 2",
      "Execute": "//Name: Create %\r\n//Tooltip: Creates a % calculation based on the selected measures. (Order of selection matters)\r\n//Enable: Measure\r\n\r\nvar m = Selected.Measures;\r\nif (m.Count() == 2)\r\n{\r\n    var first = m.First();\r\n    var last = m.Last();\r\n    var newMeasure = first.Table.AddMeasure(\r\n        \"% \" + first.Name,                                                                  // Name\r\n        \"DIVIDE(\" + first.DaxObjectFullName + \",\" + last.DaxObjectFullName + \")\",           // DAX expression\r\n        m.First().DisplayFolder                                                             // Display Folder   \r\n        );\r\n        // Set the format string on the new measure:\r\n    newMeasure.FormatString = \"0.00%;-0.00%;0.00%\";\r\n\r\n        // Provide some documentation:\r\n    newMeasure.Description = \"Expression: \" +newMeasure.Expression;\r\n};\r\nif (m.Count() != 2)\r\n{    \r\n    Output(\"Select 2 Measures to perform the action\");\r\n}",
      "Tooltip": "Creates a % calculation based on the selected measures. (Order of selection matters)",
      "ValidContexts": "Measure"
    },
    {
      "Name": "Create AVG",
      "Enabled": "true",
      "Execute": "//Name: Create AVG\r\n//Tooltip: Creates a AVG measure for every currently selected column and hide the column.\r\n//Enable: Column\r\n \r\nforeach(var c in Selected.Columns)\r\n{\r\n    c.Table.AddMeasure(\r\n        \"Avg of \" + c.Name,                    // Name\r\n        \"AVERAGE(\" + c.DaxObjectFullName + \")\",    // DAX expression\r\n        c.DisplayFolder                        // Display Folder\r\n    );\r\n    c.IsHidden = true;\r\n}",
      "Tooltip": "Creates a AVG measure for every currently selected column and hide the column.",
      "ValidContexts": "Column"
    },
    {
      "Name": "Create Base Column folders",
      "Enabled": "true",
      "Execute": "//Name: Create Base Column folders\r\n//Tooltip: Puts columns into an other columns folder. ID columns in an id folder and hides them.\r\n//Enable: Model\r\n \r\nforeach(var c in Model.AllColumns)\r\n{\r\n    c.DisplayFolder = \"Other Columns\";\r\n    \r\n    if(c.Name.ToLower().Contains(\"id\"))\r\n    {\r\n        c.DisplayFolder = \"IDs\";\r\n        c.IsHidden = true;\r\n    }\r\n   \r\n}",
      "Tooltip": "Puts columns into an other columns folder. ID columns in an id folder and hides them.",
      "ValidContexts": "Model"
    },
    {
      "Name": "Create SUM",
      "Enabled": "true",
      "Execute": "//Name: Create SUM\r\n//Tooltip: Creates a SUM measure for every currently selected column and hide the column.\r\n//Enable: Column\r\n \r\nforeach(var c in Selected.Columns)\r\n{\r\n    c.Table.AddMeasure(\r\n        \"Sum of \" + c.Name,                    // Name\r\n        \"SUM(\" + c.DaxObjectFullName + \")\",    // DAX expression\r\n        c.DisplayFolder                        // Display Folder\r\n    );\r\n    c.IsHidden = true;\r\n}",
      "Tooltip": "Creates a SUM measure for every currently selected column and hide the column.",
      "ValidContexts": "Column"
    },
    {
      "Name": "Default Measure Descriptions",
      "Enabled": "true",
      "Execute": "//Name: Default Measure Description\r\n//Tooltip: Adds expression to the description\r\n//Enable: Model\r\n//Created by Mihaly Kavasi (updated by Ed Hansberry's idea)\r\n//Tabular Editor version 2.16.0\r\n\r\n//It is better to format DAX before adding it into the descriptions\r\nforeach(var m in Model.AllMeasures)\r\n{\r\n    if(m.Description == \"\")\r\n    {    \r\n        m.Description =  \"Expression:\" + \"\\n\" + m.Expression;\r\n    }\r\n    else if (!m.Description.Contains(\"Expression\"))\r\n    {\r\n        m.Description = m.Description + \"\\n\" + \"Expression:\" + \"\\n\" + m.Expression;\r\n    }\r\n    else\r\n    {\r\n        // '2021-07-05 / B.Agullo / reset expressions already added\r\n        int pos = m.Description.IndexOf(\"Expression\",0); \r\n        bool onlyExpression = (pos == 0);\r\n        \r\n        if (onlyExpression) {\r\n            m.Description = \"Expression:\" + \"\\n\" + m.Expression;\r\n        } else {\r\n            m.Description = m.Description.Substring(0,pos-1)  + \"\\n\" + \"Expression:\" + \"\\n\" + m.Expression;\r\n        }\r\n    }\r\n}",
      "Tooltip": "Adds expression to the description",
      "ValidContexts": "Model"
    },
    {
      "Name": "Do not summarize all numeric Columns",
      "Enabled": "true",
      "Execute": "//Name: Do not summarize all numeric Columns\r\n//Tooltip: Do not summarize all numeric Columns\r\n//Enable: Table\r\n//Created by Mihaly Kavasi\r\n//Tabular Editor version 2.17.0\r\n\r\n//This could be used to hide all the numeric columns from fact tables to encourage to use of explicit measures instead.\r\nforeach(var c in Model.AllColumns)\r\n{\r\n if(c.DataType == DataType.Decimal || c.DataType == DataType.Double || c.DataType == DataType.Int64)\r\n { \r\n c.SummarizeBy = AggregateFunction.None;\r\n }\r\n}",
      "Tooltip": "Do not summarize all numeric Columns",
      "ValidContexts": "Model"
    },
    {
      "Name": "Do not summarize numeric Columns",
      "Enabled": "true",
      "Execute": "//Name: Do not summarize numeric Columns\r\n//Tooltip: Do not summarize numeric Columns in a Selected table\r\n//Enable: Table\r\n//Created by Mihaly Kavasi\r\n//Tabular Editor version 2.17.0\r\n\r\n//This could be used to hide all the numeric columns from fact tables to encourage to use of explicit measures instead.\r\nforeach(var t in Selected.Tables)\r\n{\r\n foreach(var c in t.Columns)\r\n {\r\n if(c.DataType == DataType.Decimal || c.DataType == DataType.Double || c.DataType == DataType.Int64)\r\n    { \r\n    c.SummarizeBy = AggregateFunction.None;\r\n    }\r\n }\r\n}",
      "Tooltip": "Do not summarize numeric Columns in a Selected table",
      "ValidContexts": "Table"
    },
    {
      "Name": "Documentation Script",
      "Enabled": "true",
      "Execute": "// Collect all measures, columns, hierarchies and tables (ignore automatically generated entities):\r\nvar objects = Model.AllMeasures.Cast<ITabularNamedObject>()\r\n      .Concat(Model.AllColumns.Where(c => !c.Table.Name.Contains(\"Template\") \r\n                                       && !c.Table.Name.Contains(\"LocalDate\"))\r\n              )\r\n      .Concat(Model.AllHierarchies.Where(h => !h.Table.Name.Contains(\"Template\") \r\n                                       && !h.Table.Name.Contains(\"LocalDate\"))\r\n              )\r\n      .Concat(Model.AllLevels.Where(l => !l.Table.Name.Contains(\"Template\") \r\n                                       && !l.Table.Name.Contains(\"LocalDate\"))\r\n              )\r\n      .Concat(Model.Tables);\r\n \r\n// Get their properties\r\nvar tsv = ExportProperties(objects,\"Name,ObjectType,Parent,Description,FormatString,DataType,Expression,IsHidden,DisplayFolder,SortByColumn,SummarizeBy,Synonyms,DataCategory,SourceColumn,IsAvailableInMDX,IsUnique\");\r\n\r\n// Output to screen (can then be copy-pasted into Excel):\r\n tsv.Output();",
      "Tooltip": "Documentation Script",
      "ValidContexts": "Model"
    },
    {
      "Name": "Documentation Script with VPAX",
      "Enabled": "true",
      "Execute": "// Collect all measures, columns, hierarchies and tables (ignore automatically generated entities):\r\nvar objects = Model.AllMeasures.Cast<ITabularNamedObject>()\r\n      .Concat(Model.AllColumns.Where(c => !c.Table.Name.Contains(\"Template\") \r\n                                       && !c.Table.Name.Contains(\"LocalDate\"))\r\n              )\r\n      .Concat(Model.AllHierarchies.Where(h => !h.Table.Name.Contains(\"Template\") \r\n                                       && !h.Table.Name.Contains(\"LocalDate\"))\r\n              )\r\n      .Concat(Model.AllLevels.Where(l => !l.Table.Name.Contains(\"Template\") \r\n                                       && !l.Table.Name.Contains(\"LocalDate\"))\r\n              )\r\n      .Concat(Model.Tables);\r\n \r\n// Get their properties\r\nvar tsv = ExportProperties(objects,\"Name,ObjectType,Parent,Description,FormatString,DataType,Expression,IsHidden,DisplayFolder,SortByColumn,SummarizeBy,Synonyms,DataCategory,SourceColumn,IsAvailableInMDX,IsUnique,Annotations\");\r\n\r\n// Output to screen (can then be copy-pasted into Excel):\r\n tsv.Output();",
      "Tooltip": "Documentation Script with VPAX",
      "ValidContexts": "Model"
    },
    {
      "Name": "Expressions Script",
      "Enabled": "true",
      "Execute": "// Collect Expressions information:\r\nvar objects = Model.Expressions.Cast<ITabularNamedObject>().Concat(Model.AllPartitions);\r\n \r\n// Get their properties:\r\nvar tsv = ExportProperties(objects,\"Name,Expression,Annotations\");\r\n \r\n// Output to screen (can then be copy-pasted into Excel):\r\n tsv.Output();",
      "Tooltip": "Expressions Script",
      "ValidContexts": "Model"
    },
    {
      "Name": "Format all measures",
      "Enabled": "true",
      "Execute": "//Name: Format all measures\r\n//Tooltip: Format all measures that does not have a format\r\n//Enable: Model\r\n//Created by Mihaly Kavasi\r\n//Tabular Editor version 2.17.0\r\n\r\n// Loop through all measures in the model\r\nforeach(var m in Model.AllMeasures)\r\n{\r\n    // Check if the measure has a format\r\n      if(m.FormatString != null && m.FormatString != \"\")\r\n        {\r\n        // Skip this measure and continue to the next one\r\n        continue;\r\n        }\r\n // Check if the measure name contains Rate, Conversion or %\r\n if(m.Name.ToLower().Contains(\"rate\") || m.Name.ToLower().Contains(\"conversion\") || m.Name.Contains(\"%\"))\r\n {\r\n      \r\n      // Set the format string to use percentage format with two decimals\r\n m.FormatString = \"0.00%\";\r\n }\r\n // Check if the measure expression contains the divide function\r\n else if(m.Expression.ToLower().Contains(\"divide(\")|| m.Expression.ToLower().Contains(\"average\") )\r\n {\r\n // Set the format string to use thousand separator and two decimals\r\n m.FormatString = \"#,0.00\";\r\n }\r\n // Otherwise\r\n else\r\n {\r\n // Set the format string to use thousand separator and no decimals\r\n m.FormatString = \"#,0\";\r\n }\r\n}",
      "Tooltip": "Format all measures",
      "ValidContexts": "Model"
    },
    {
      "Name": "Format all numeric columns",
      "Enabled": "true",
      "Execute": "//Name: Format all numeric columns\r\n//Tooltip: Format all numeric columns that does not have a format\r\n//Enable: Model\r\n//Created by Mihaly Kavasi\r\n//Tabular Editor version 2.17.0\r\n\r\n// Loop through all columns in the model\r\nforeach(var c in Model.AllColumns)\r\n{\r\n // Check if the column is numeric\r\n if(c.DataType == DataType.Decimal || c.DataType == DataType.Double || c.DataType == DataType.Int64)\r\n {\r\n // Check if the column has a format\r\n if(c.FormatString != null && c.FormatString != \"\")\r\n {\r\n // Skip this column and continue to the next one\r\n continue;\r\n }\r\n // Check if the column is a whole number\r\n if(c.DataType == DataType.Int64)\r\n {\r\n // Set the format string to use thousand separator and no decimal places\r\n c.FormatString = \"#,0\";\r\n }\r\n // Check if the column is a decimal number\r\n else if(c.DataType == DataType.Decimal)\r\n {\r\n // Set the format string to use thousand separator and two decimal places\r\n c.FormatString = \"#,0.00\";\r\n }\r\n // Check if the column is a floating point number\r\n else if(c.DataType == DataType.Double)\r\n {\r\n // Set the format string to use thousand separator and four decimal places\r\n c.FormatString = \"#,0.0000\";\r\n }\r\n }\r\n}",
      "Tooltip": "Format all numeric columns",
      "ValidContexts": "Model"
    },
    {
      "Name": "Format Measures",
      "Enabled": "true",
      "Execute": "//Name: Format Measures\r\n//Tooltip: Format all measures using the DAX Formatter API\r\n//Enable: Model\r\n//Created by Mihaly Kavasi\r\n//Tabular Editor version 2.16.0\r\n\r\nModel.AllMeasures.FormatDax();",
      "Tooltip": "Format all measures using the DAX Formatter API",
      "ValidContexts": "Model"
    },
    {
      "Name": "Hide Numeric Columns",
      "Enabled": "true",
      "Execute": "//Name: Hide numeric Columns\r\n//Tooltip: Hide all numeric columns from selected tables\r\n//Enable: Table\r\n//Created by Mihaly Kavasi\r\n//Tabular Editor version 2.16.0\r\n\r\n//This could be used to hide all the numeric columns from fact tables to encourage to use of explicit measures instead.\r\nforeach(var t in Selected.Tables)\r\n{\r\n    foreach(var c in t.Columns)\r\n    {\r\n        if(c.DataType == DataType.Decimal || c.DataType == DataType.Double || c.DataType == DataType.Int64)\r\n        {    \r\n        c.IsHidden = true;\r\n        }\r\n    }\r\n}",
      "Tooltip": "Hide Numeric Columns",
      "ValidContexts": "Table"
    },
    {
      "Name": "Hide Relationship Columns",
      "Enabled": "true",
      "Execute": "//Name: Hide all relationship columns\r\n//Tooltip: Hide all columns on many side of a join\r\n//Enable: Model\r\n//Created by Mihaly Kavasi (originally from Matt Allington, https://exceleratorbi.com.au)\r\n//Tabular Editor version 2.16.0\r\n\r\nforeach (var r in Model.Relationships)\r\n{\r\n    var c = r.FromColumn.Name;\r\n    var t = r.FromTable.Name;\r\n    Model.Tables[t].Columns[c].IsHidden = true;\r\n}",
      "Tooltip": "Hide Relationship Columns",
      "ValidContexts": "Model"
    },
    {
      "Name": "Organize ID Columns",
      "Enabled": "true",
      "Execute": "//Name: Organize ID Columns\r\n//Tooltip: Puts ID columns in an id folder and hides them.\r\n//Enable: Model\r\n//Created by Mihaly Kavasi\r\n//Tabular Editor version 2.16.0\r\n\r\n// Define a list of values to use as the argument of the contains() part\r\nvar list = new List<string>() {\" id\", \" key\", \" code\"};\r\n\r\n// Loop through all columns in the model\r\nforeach(var c in Model.AllColumns)\r\n{\r\n // Loop through the list of values\r\n foreach(var value in list)\r\n {\r\n // Check if the column name contains any of the values\r\n if(c.Name.ToLower().Contains(value))\r\n {\r\n // Set the display folder and hidden property for the column\r\n c.DisplayFolder = \"_IDs\";\r\n c.IsHidden = true;\r\n // Break out of the inner loop\r\n break;\r\n }\r\n }\r\n}",
      "Tooltip": "Organize ID Columns",
      "ValidContexts": "Model"
    },
    {
      "Name": "Relationship Script",
      "Enabled": "true",
      "Execute": "// Collect Relationship information:\r\nvar objects = Model.Relationships;\r\n \r\n// Get their properties:\r\nvar tsv = ExportProperties(objects,\"Name\");\r\n \r\n// Output to screen (can then be copy-pasted into Excel):\r\n tsv.Output();",
      "Tooltip": "Relationship Script",
      "ValidContexts": "Model"
    },
    {
      "Name": "Relationship Script with VPAX",
      "Enabled": "true",
      "Execute": "// Collect Relationship information:\r\nvar objects = Model.Relationships;\r\n \r\n// Get their properties:\r\nvar tsv = ExportProperties(objects,\"Name,Annotations\");\r\n \r\n// Output to screen (can then be copy-pasted into Excel):\r\n tsv.Output();",
      "Tooltip": "Relationship Script with VPAX",
      "ValidContexts": "Model"
    },
    {
      "Name": "Replace / operation with the divide function",
      "Enabled": "true",
      "Execute": "//Name: Replace / operation with the divide function\r\n//Tooltip: Replace / operation with the divide function (only works with 1 divide)\r\n//Enable: Model\r\n//Created by Mihaly Kavasi\r\n//Tabular Editor version 2.17.0\r\n// Loop through all measures in the model\r\nforeach(var m in Model.AllMeasures)\r\n{\r\n // Check if the measure expression contains the / operator\r\n if(m.Expression.Contains(\"/\"))\r\n {\r\n // Replace the / operator with the divide function and a comma\r\n \r\n m.Expression = m.Expression.Replace(\"/\", \",\");\r\n // Add a closing parenthesis at the end of the expression\r\n m.Expression = \"divide(\" + m.Expression + \")\";\r\n }\r\n}",
      "Tooltip": "Replace / operation with the divide function",
      "ValidContexts": "Model"
    },
    {
      "Name": "Set Available in MDX (on/off)",
      "Enabled": "true",
      "Execute": "//Name: Set Available in MDX (on/off)\r\n//Tooltip: Turn Available in MDX attribute on or off\r\n//Enable: Model\r\n//Created by Mihaly Kavasi\r\n//Tabular Editor version 2.16.5\r\nforeach (var c in Selected.Columns)\r\n    if(c.IsAvailableInMDX == true)\r\n        c.IsAvailableInMDX = false;\r\n    else c.IsAvailableInMDX = true;",
      "Tooltip": " Turn Available in MDX attribute on or off",
      "ValidContexts": "Column"
    },
    {
      "Name": "Set Sort By",
      "Enabled": "true",
      "Execute": "//Name: Set sort by\r\n//Tooltip: Select 2 columns to set sort the first by the last\r\n//Enable: Column\r\n//Created by Mihaly Kavasi\r\n//Tabular Editor version 2.16.5\r\n\r\nvar c = Selected.Columns;\r\nif (c.Count() == 2)\r\n{\r\n    var first = c.First();\r\n    var last = c.Last();\r\n    first.SortByColumn = last;\r\n    \r\n};\r\nif (c.Count() != 2)\r\n{    \r\n    Output(\"Select 2 Column to perform the action\");\r\n}",
      "Tooltip": "Select 2 columns to set sort the first by the last",
      "ValidContexts": "Column"
    },
    {
      "Name": "Shared Expressions Script",
      "Enabled": "true",
      "Execute": "// Collect Share Expressions information:\r\nvar objects = Model.Expressions;\r\n \r\n// Get their properties:\r\nvar tsv = ExportProperties(objects,\"Name, Expression, Annotations\");\r\n \r\n// Output to screen (can then be copy-pasted into Excel):\r\n tsv.Output();",
      "Tooltip": "Shared Expressions Script",
      "ValidContexts": "Model"
    },
    {
      "Name": "Show Dependency Tree",
      "Enabled": "true",
      "Execute": "//Name: Show Dependency Tree\r\n//Tooltip: Outputs all the measures and columns needed to create the selected measures\r\n//Enable: Measure\r\n//Created by Mihaly Kavasi (adapting the script of Elliot Gross https://www.linkedin.com/in/elliot-gross-b440b9120/)\r\n//Tabular Editor version 2.16.1\r\n\r\n// Output header row\r\nstring output = \"Dependent Measure Table\\tDependent Measure Folder\\tDependent Measure\\tDependent Measure Expression\\tTable\\tReportingFolder\\tObject\\tObject Type\"; \r\n\r\n// Loop through all selected measures:\r\nforeach(var m in Selected.Measures) {\r\n    \r\n    // Get a list of ALL objects this measure is dependent on (both directly and indirectly through other measures):\r\n    var allReferences = m.DependsOn.Deep();\r\n  \r\n    // Filter the previous list of references to measure references only and keep only distinct measures:\r\n       var allMeasureReferences = allReferences.OfType<Measure>().Distinct();\r\n\r\n    // Add the rows to the output  \r\n     foreach(var dm in allMeasureReferences)\r\n         output += string.Format(\"\\r\\n{0}\\t{1}\\t{2}\\t{3}\\t{4}\\t{5}\\t{6}\\t{7}\", \r\n     m.Table.Name, m.DisplayFolder, m.Name, \"\\\"\" + m.Expression.Replace(\"\\r\",\"\").Replace(\"\\n\",\"\").Replace(\"\\t\",\" \") + \"\\\"\",\r\n            dm.Table.Name, dm.DisplayFolder, dm.Name, \"Measure\"\r\n            );\r\n    // Filter the previous list of references to column references only and keep only distinct columns:        \r\n       var allColumnReferences = allReferences.OfType<Column>().Distinct();\r\n     \r\n     // Add the rows to the output    \r\n     foreach(var dc in allColumnReferences)\r\n         output += string.Format(\"\\r\\n{0}\\t{1}\\t{2}\\t{3}\\t{4}\\t{5}\\t{6}\\t{7}\", \r\n     m.Table.Name, m.DisplayFolder, m.Name, \"\\\"\" + m.Expression.Replace(\"\\r\",\"\").Replace(\"\\n\",\"\").Replace(\"\\t\",\" \") + \"\\\"\",\r\n            dc.Table.Name, dc.DisplayFolder, dc.Name, \"Column\"\r\n            );\r\n  }  \r\n//Output the results to screen    \r\noutput.Output();",
      "Tooltip": "Outputs all the measures and columns needed to create the selected measures",
      "ValidContexts": "Measure"
    },
    {
      "Name": "Show Dependency Tree for All",
      "Enabled": "true",
      "Execute": "//Name: Show Dependency Tree\r\n//Tooltip: Outputs all the measures and columns needed to create the all measures\r\n//Enable: Model\r\n//Created by Mihaly Kavasi (adapting the script of Elliot Gross https://www.linkedin.com/in/elliot-gross-b440b9120/)\r\n//Tabular Editor version 2.16.1\r\n\r\n// Output header row\r\nstring output = \"Dependent Measure Table\\tDependent Measure Folder\\tDependent Measure\\tDependent Measure Expression\\tTable\\tReportingFolder\\tObject\\tObject Type\"; \r\n\r\n// Loop through all selected measures:\r\nforeach(var m in Model.AllMeasures) {\r\n    \r\n    // Get a list of ALL objects this measure is dependent on (both directly and indirectly through other measures):\r\n    var allReferences = m.DependsOn.Deep();\r\n  \r\n    // Filter the previous list of references to measure references only and keep only distinct measures:\r\n       var allMeasureReferences = allReferences.OfType<Measure>().Distinct();\r\n\r\n    // Add the rows to the output  \r\n     foreach(var dm in allMeasureReferences)\r\n         output += string.Format(\"\\r\\n{0}\\t{1}\\t{2}\\t{3}\\t{4}\\t{5}\\t{6}\\t{7}\", \r\n     m.Table.Name, m.DisplayFolder, m.Name, \"\\\"\" + m.Expression.Replace(\"\\r\",\"\").Replace(\"\\n\",\"\").Replace(\"\\t\",\" \")  + \"\\\"\",\r\n            dm.Table.Name, dm.DisplayFolder, dm.Name, \"Measure\"\r\n            );\r\n    // Filter the previous list of references to column references only and keep only distinct columns:        \r\n       var allColumnReferences = allReferences.OfType<Column>().Distinct();\r\n     \r\n     // Add the rows to the output    \r\n     foreach(var dc in allColumnReferences)\r\n         output += string.Format(\"\\r\\n{0}\\t{1}\\t{2}\\t{3}\\t{4}\\t{5}\\t{6}\\t{7}\", \r\n     m.Table.Name, m.DisplayFolder, m.Name, \"\\\"\" + m.Expression.Replace(\"\\r\",\"\").Replace(\"\\n\",\"\").Replace(\"\\t\",\" \")  + \"\\\"\",\r\n            dc.Table.Name, dc.DisplayFolder, dc.Name, \"Column\"\r\n            );\r\n  }  \r\n//Output the results to screen    \r\noutput.Output();",
      "Tooltip": "Outputs all the measures and columns needed to create all measures",
      "ValidContexts": "Model"
    },
    {
      "Name": "Time intelligence",
      "Enabled": "true",
      "Execute": "//Name: Time intelligence\r\n//Tooltip: Creates time intelligence measures for every selected measure. (YTD, PY, YoY, YoY%, QTD, MTD)\r\n//Enable: Measure\r\n\r\nvar dateColumn = \"'Calendar'[Dates]\";\r\nvar displayFolder = \"Time Intelligence\";\r\n\r\nforeach(var m in Selected.Measures) {\r\n    // Year-to-date:\r\n    m.Table.AddMeasure(\r\n        m.Name + \" YTD\",                                       // Name\r\n        \"TOTALYTD(\" + m.DaxObjectName + \", \" + dateColumn + \")\",     // DAX expression\r\n        displayFolder                                      // Display Folder\r\n    );\r\n    \r\n    // Previous year:\r\n    m.Table.AddMeasure(\r\n        m.Name + \" PY\",                                       // Name\r\n        \"CALCULATE(\" + m.DaxObjectName + \", SAMEPERIODLASTYEAR(\" + dateColumn + \"))\",     // DAX expression\r\n        displayFolder                                         // Display Folder\r\n    );    \r\n    \r\n    // Year-over-year\r\n    m.Table.AddMeasure(\r\n        m.Name + \" YoY\",                                       // Name\r\n        m.DaxObjectName + \" - [\" + m.Name + \" PY]\",            // DAX expression\r\n        displayFolder                                         // Display Folder\r\n    );\r\n    \r\n    // Year-over-year %:\r\n    m.Table.AddMeasure(\r\n        m.Name + \" YoY%\",                                           // Name\r\n        \"DIVIDE(\" + m.DaxObjectName + \", [\" + m.Name + \" YoY])\",    // DAX expression\r\n        displayFolder                                              // Display Folder\r\n    ).FormatString = \"0.0 %\";  // Set format string as percentage\r\n    \r\n    // Quarter-to-date:\r\n    m.Table.AddMeasure(\r\n        m.Name + \" QTD\",                                            // Name\r\n        \"TOTALQTD(\" + m.DaxObjectName + \", \" + dateColumn + \")\",    // DAX expression\r\n        displayFolder                                             // Display Folder\r\n    );\r\n    \r\n    // Month-to-date:\r\n    m.Table.AddMeasure(\r\n        m.Name + \" MTD\",                                       // Name\r\n        \"TOTALMTD(\" + m.DaxObjectName + \", \" + dateColumn + \")\",     // DAX expression\r\n        displayFolder                                         // Display Folder\r\n    );\r\n}",
      "Tooltip": "Creates time intelligence measures for every selected measure. (YTD, PY, YoY, YoY%, QTD, MTD)",
      "ValidContexts": "Measure"
    },
    {
      "Name": "Format all date columns",
      "Enabled": "true",
      "Execute": "//Name: Format all date columns\r\n//Tooltip: Format all date columns that does not have a format\r\n//Enable: Model\r\n//Created by Mihaly Kavasi\r\n//Tabular Editor version 2.17.0\r\n\r\n// Loop through all columns in the model\r\nforeach(var c in Model.AllColumns)\r\n{\r\n     if(c.DataType == DataType.DateTime)\r\n {\r\n      // Check if the column has a format\r\n if(c.FormatString != null && c.FormatString != \"\")\r\n    {\r\n    // Skip this column and continue to the next one\r\n    continue;\r\n \r\n    }\r\n // Set the format string to use day/month/year format\r\n c.FormatString = \"dd/MM/yyyy\";\r\n }\r\n}",
      "Tooltip": "Format all date columns",
      "ValidContexts": "Model"
    }
  ]
}